PRAGMA foreign_keys=OFF;
BEGIN TRANSACTION;
CREATE TABLE IF NOT EXISTS "django_migrations" ("id" integer NOT NULL PRIMARY KEY AUTOINCREMENT, "app" varchar(255) NOT NULL, "name" varchar(255) NOT NULL, "applied" datetime NOT NULL);
INSERT INTO django_migrations VALUES(1,'contenttypes','0001_initial','2019-08-18 13:01:14.919990');
INSERT INTO django_migrations VALUES(2,'auth','0001_initial','2019-08-18 13:01:14.939771');
INSERT INTO django_migrations VALUES(3,'admin','0001_initial','2019-08-18 13:01:14.952859');
INSERT INTO django_migrations VALUES(4,'admin','0002_logentry_remove_auto_add','2019-08-18 13:01:14.965887');
INSERT INTO django_migrations VALUES(5,'admin','0003_logentry_add_action_flag_choices','2019-08-18 13:01:14.979151');
INSERT INTO django_migrations VALUES(6,'contenttypes','0002_remove_content_type_name','2019-08-18 13:01:15.003160');
INSERT INTO django_migrations VALUES(7,'auth','0002_alter_permission_name_max_length','2019-08-18 13:01:15.010688');
INSERT INTO django_migrations VALUES(8,'auth','0003_alter_user_email_max_length','2019-08-18 13:01:15.028086');
INSERT INTO django_migrations VALUES(9,'auth','0004_alter_user_username_opts','2019-08-18 13:01:15.039326');
INSERT INTO django_migrations VALUES(10,'auth','0005_alter_user_last_login_null','2019-08-18 13:01:15.050580');
INSERT INTO django_migrations VALUES(11,'auth','0006_require_contenttypes_0002','2019-08-18 13:01:15.052972');
INSERT INTO django_migrations VALUES(12,'auth','0007_alter_validators_add_error_messages','2019-08-18 13:01:15.064916');
INSERT INTO django_migrations VALUES(13,'auth','0008_alter_user_username_max_length','2019-08-18 13:01:15.075795');
INSERT INTO django_migrations VALUES(14,'auth','0009_alter_user_last_name_max_length','2019-08-18 13:01:15.089093');
INSERT INTO django_migrations VALUES(15,'auth','0010_alter_group_name_max_length','2019-08-18 13:01:15.100004');
INSERT INTO django_migrations VALUES(16,'auth','0011_update_proxy_permissions','2019-08-18 13:01:15.108408');
INSERT INTO django_migrations VALUES(17,'sessions','0001_initial','2019-08-18 13:01:15.112012');
INSERT INTO django_migrations VALUES(18,'aistsiteapp','0001_initial','2019-08-18 14:35:04.356535');
INSERT INTO django_migrations VALUES(19,'aistsiteapp','0002_auto_20190818_1746','2019-08-18 14:46:28.347382');
INSERT INTO django_migrations VALUES(20,'aistsiteapp','0003_page','2019-08-19 11:34:25.270244');
INSERT INTO django_migrations VALUES(21,'aistsiteapp','0004_blocks_page_id','2019-08-19 11:43:19.859924');
INSERT INTO django_migrations VALUES(22,'aistsiteapp','0005_auto_20190819_1444','2019-08-19 11:44:03.481142');
INSERT INTO django_migrations VALUES(23,'aistsiteapp','0006_page_tech_title','2019-08-19 13:30:18.734621');
INSERT INTO django_migrations VALUES(24,'aistsiteapp','0007_auto_20190819_1756','2019-08-19 14:57:06.518873');
INSERT INTO django_migrations VALUES(25,'menu','0001_initial','2019-08-27 23:04:08.740428');
INSERT INTO django_migrations VALUES(26,'menu','0002_booleandefaults','2019-08-27 23:04:08.759350');
INSERT INTO django_migrations VALUES(27,'aistsiteapp','0008_auto_20190828_0212','2019-08-27 23:13:11.456601');
INSERT INTO django_migrations VALUES(28,'menu','0003_auto_20190828_0212','2019-08-27 23:13:11.479748');
INSERT INTO django_migrations VALUES(29,'aistsiteapp','0009_auto_20190828_0258','2019-08-27 23:58:16.271656');
INSERT INTO django_migrations VALUES(30,'aistsiteapp','0010_auto_20190828_1748','2019-08-28 14:48:27.449440');
INSERT INTO django_migrations VALUES(31,'aistsiteapp','0011_auto_20190828_2334','2019-08-28 20:34:47.261122');
INSERT INTO django_migrations VALUES(32,'django_summernote','0001_initial','2019-08-28 21:55:57.856178');
INSERT INTO django_migrations VALUES(33,'django_summernote','0002_update-help_text','2019-08-28 21:55:57.863346');
INSERT INTO django_migrations VALUES(34,'aistsiteapp','0012_auto_20190829_1620','2019-08-29 13:21:00.822020');
INSERT INTO django_migrations VALUES(35,'aistsiteapp','0013_events_text','2019-08-29 13:22:53.617330');
CREATE TABLE IF NOT EXISTS "auth_group_permissions" ("id" integer NOT NULL PRIMARY KEY AUTOINCREMENT, "group_id" integer NOT NULL REFERENCES "auth_group" ("id") DEFERRABLE INITIALLY DEFERRED, "permission_id" integer NOT NULL REFERENCES "auth_permission" ("id") DEFERRABLE INITIALLY DEFERRED);
CREATE TABLE IF NOT EXISTS "auth_user_groups" ("id" integer NOT NULL PRIMARY KEY AUTOINCREMENT, "user_id" integer NOT NULL REFERENCES "auth_user" ("id") DEFERRABLE INITIALLY DEFERRED, "group_id" integer NOT NULL REFERENCES "auth_group" ("id") DEFERRABLE INITIALLY DEFERRED);
CREATE TABLE IF NOT EXISTS "auth_user_user_permissions" ("id" integer NOT NULL PRIMARY KEY AUTOINCREMENT, "user_id" integer NOT NULL REFERENCES "auth_user" ("id") DEFERRABLE INITIALLY DEFERRED, "permission_id" integer NOT NULL REFERENCES "auth_permission" ("id") DEFERRABLE INITIALLY DEFERRED);
CREATE TABLE IF NOT EXISTS "django_admin_log" ("id" integer NOT NULL PRIMARY KEY AUTOINCREMENT, "action_time" datetime NOT NULL, "object_id" text NULL, "object_repr" varchar(200) NOT NULL, "change_message" text NOT NULL, "content_type_id" integer NULL REFERENCES "django_content_type" ("id") DEFERRABLE INITIALLY DEFERRED, "user_id" integer NOT NULL REFERENCES "auth_user" ("id") DEFERRABLE INITIALLY DEFERRED, "action_flag" smallint unsigned NOT NULL CHECK ("action_flag" >= 0));
INSERT INTO django_admin_log VALUES(1,'2019-08-18 14:43:24.124766','1','Главное Меню','[{"added": {}}]',8,1,1);
INSERT INTO django_admin_log VALUES(2,'2019-08-18 14:44:46.031210','1','Видеокурсы','[{"added": {}}]',7,1,1);
INSERT INTO django_admin_log VALUES(3,'2019-08-18 14:45:30.293169','2','События','[{"added": {}}]',7,1,1);
INSERT INTO django_admin_log VALUES(4,'2019-08-18 14:46:47.334584','3','Об авторе','[{"added": {}}]',7,1,1);
INSERT INTO django_admin_log VALUES(5,'2019-08-18 14:47:21.023534','4','Контакты','[{"added": {}}]',7,1,1);
INSERT INTO django_admin_log VALUES(6,'2019-08-18 14:50:26.147603','1','Подготовка  к родам от Марины  Аист','[{"added": {}}]',9,1,1);
INSERT INTO django_admin_log VALUES(7,'2019-08-19 11:44:29.851194','1','main','[{"added": {}}]',10,1,1);
INSERT INTO django_admin_log VALUES(8,'2019-08-19 11:44:38.833103','1','Подготовка  к родам от Марины  Аист','[{"changed": {"fields": ["page_id"]}}]',9,1,2);
INSERT INTO django_admin_log VALUES(9,'2019-08-19 13:31:47.384062','1','main','[{"changed": {"fields": ["tech_title"]}}]',10,1,2);
INSERT INTO django_admin_log VALUES(10,'2019-08-27 23:06:41.627000','1','Верхнее Меню','[{"added": {}}, {"added": {"name": "menu item", "object": "MenuItem object (1)"}}, {"added": {"name": "menu item", "object": "MenuItem object (2)"}}, {"added": {"name": "menu item", "object": "MenuItem object (3)"}}]',11,1,1);
INSERT INTO django_admin_log VALUES(11,'2019-08-27 23:09:57.850261','1','Верхнее Меню','[]',11,1,2);
INSERT INTO django_admin_log VALUES(12,'2019-08-27 23:29:26.980621','1','Подготовка  к родам от Марины  Аист','[{"changed": {"fields": ["text"]}}]',9,1,2);
INSERT INTO django_admin_log VALUES(13,'2019-08-27 23:49:45.771318','1','Подготовка  к родам от Марины  Аист','[{"changed": {"fields": ["iamges"]}}]',9,1,2);
INSERT INTO django_admin_log VALUES(14,'2019-08-27 23:50:00.926913','1','Подготовка  к родам от Марины  Аист','[{"changed": {"fields": ["iamges"]}}]',9,1,2);
INSERT INTO django_admin_log VALUES(15,'2019-08-28 09:51:46.480833','2','второй блок главной','[{"added": {}}]',9,1,1);
INSERT INTO django_admin_log VALUES(16,'2019-08-28 09:52:14.771871','3','10 лет','[{"added": {}}]',9,1,1);
INSERT INTO django_admin_log VALUES(17,'2019-08-28 09:52:36.909436','4','3097 родов','[{"added": {}}]',9,1,1);
INSERT INTO django_admin_log VALUES(18,'2019-08-28 09:52:53.505022','5','17 лет','[{"added": {}}]',9,1,1);
INSERT INTO django_admin_log VALUES(19,'2019-08-28 09:53:09.630278','6','6730','[{"added": {}}]',9,1,1);
INSERT INTO django_admin_log VALUES(20,'2019-08-28 09:53:54.082598','2','второй блок главной','[{"changed": {"fields": ["page_id"]}}]',9,1,2);
INSERT INTO django_admin_log VALUES(21,'2019-08-28 10:05:14.812888','1','Верхнее Меню','[{"changed": {"fields": ["base_url"]}}, {"added": {"name": "menu item", "object": "MenuItem object (4)"}}]',11,1,2);
INSERT INTO django_admin_log VALUES(22,'2019-08-28 10:05:32.781329','1','Верхнее Меню','[{"changed": {"name": "menu item", "object": "MenuItem object (3)", "fields": ["order"]}}, {"changed": {"name": "menu item", "object": "MenuItem object (4)", "fields": ["order"]}}]',11,1,2);
INSERT INTO django_admin_log VALUES(23,'2019-08-28 12:21:51.041335','2','Нижнее  меню','[{"added": {}}, {"added": {"name": "menu item", "object": "MenuItem object (5)"}}, {"added": {"name": "menu item", "object": "MenuItem object (6)"}}, {"added": {"name": "menu item", "object": "MenuItem object (7)"}}]',11,1,1);
INSERT INTO django_admin_log VALUES(24,'2019-08-28 12:23:29.087534','3','Нижнее  меню соцсетей','[{"added": {}}, {"added": {"name": "menu item", "object": "MenuItem object (8)"}}, {"added": {"name": "menu item", "object": "MenuItem object (9)"}}, {"added": {"name": "menu item", "object": "MenuItem object (10)"}}]',11,1,1);
INSERT INTO django_admin_log VALUES(25,'2019-08-28 12:32:47.967732','1','Верхнее Меню','[{"changed": {"fields": ["base_url"]}}]',11,1,2);
INSERT INTO django_admin_log VALUES(26,'2019-08-28 12:33:20.687943','2','Нижнее  меню','[{"changed": {"fields": ["base_url"]}}]',11,1,2);
INSERT INTO django_admin_log VALUES(27,'2019-08-28 12:34:10.245320','3','Нижнее  меню соцсетей','[{"changed": {"fields": ["base_url"]}}]',11,1,2);
INSERT INTO django_admin_log VALUES(28,'2019-08-28 12:34:16.410036','2','Нижнее  меню','[{"changed": {"fields": ["base_url"]}}]',11,1,2);
INSERT INTO django_admin_log VALUES(29,'2019-08-28 12:36:24.522708','3','Нижнее  меню соцсетей','[{"changed": {"fields": ["base_url"]}}]',11,1,2);
INSERT INTO django_admin_log VALUES(30,'2019-08-28 12:36:57.603445','2','Нижнее  меню','[{"changed": {"fields": ["base_url"]}}]',11,1,2);
INSERT INTO django_admin_log VALUES(31,'2019-08-28 12:37:48.035069','2','Нижнее  меню','[{"changed": {"fields": ["base_url"]}}]',11,1,2);
INSERT INTO django_admin_log VALUES(32,'2019-08-28 12:37:59.258434','3','Нижнее  меню соцсетей','[{"changed": {"fields": ["base_url"]}}]',11,1,2);
INSERT INTO django_admin_log VALUES(33,'2019-08-28 12:38:36.881348','3','Нижнее  меню соцсетей','[{"changed": {"fields": ["base_url"]}}]',11,1,2);
INSERT INTO django_admin_log VALUES(34,'2019-08-28 12:38:53.433523','2','Нижнее  меню','[{"changed": {"fields": ["base_url"]}}]',11,1,2);
INSERT INTO django_admin_log VALUES(35,'2019-08-28 12:39:01.321887','3','Нижнее  меню соцсетей','[{"changed": {"fields": ["base_url"]}}]',11,1,2);
INSERT INTO django_admin_log VALUES(36,'2019-08-28 12:39:04.879622','2','Нижнее  меню','[{"changed": {"fields": ["base_url"]}}]',11,1,2);
INSERT INTO django_admin_log VALUES(37,'2019-08-28 12:39:11.720872','2','Нижнее  меню','[{"changed": {"fields": ["base_url"]}}]',11,1,2);
INSERT INTO django_admin_log VALUES(38,'2019-08-28 12:40:27.937956','3','Нижнее  меню соцсетей','[{"changed": {"fields": ["base_url"]}}]',11,1,2);
INSERT INTO django_admin_log VALUES(39,'2019-08-28 12:41:56.586559','2','Нижнее  меню','[{"changed": {"name": "menu item", "object": "MenuItem object (5)", "fields": ["link_url"]}}, {"changed": {"name": "menu item", "object": "MenuItem object (6)", "fields": ["link_url"]}}, {"changed": {"name": "menu item", "object": "MenuItem object (7)", "fields": ["link_url"]}}]',11,1,2);
INSERT INTO django_admin_log VALUES(40,'2019-08-28 12:42:06.001084','3','Нижнее  меню соцсетей','[{"changed": {"fields": ["base_url"]}}]',11,1,2);
INSERT INTO django_admin_log VALUES(41,'2019-08-28 12:42:16.223189','2','Нижнее  меню','[{"changed": {"fields": ["base_url"]}}]',11,1,2);
INSERT INTO django_admin_log VALUES(42,'2019-08-28 12:42:35.006900','2','Нижнее  меню','[{"changed": {"fields": ["base_url"]}}]',11,1,2);
INSERT INTO django_admin_log VALUES(43,'2019-08-28 12:44:20.964959','2','Нижнее  меню','[{"changed": {"fields": ["base_url"]}}]',11,1,2);
INSERT INTO django_admin_log VALUES(44,'2019-08-28 12:45:45.607298','2','Нижнее  меню','[{"changed": {"fields": ["base_url"]}}]',11,1,2);
INSERT INTO django_admin_log VALUES(45,'2019-08-28 12:46:07.663488','2','Нижнее  меню','[{"changed": {"fields": ["base_url"]}}]',11,1,2);
INSERT INTO django_admin_log VALUES(46,'2019-08-28 12:46:15.965796','2','Нижнее  меню','[{"changed": {"name": "menu item", "object": "MenuItem object (5)", "fields": ["link_url"]}}, {"changed": {"name": "menu item", "object": "MenuItem object (6)", "fields": ["link_url"]}}, {"changed": {"name": "menu item", "object": "MenuItem object (7)", "fields": ["link_url"]}}]',11,1,2);
INSERT INTO django_admin_log VALUES(47,'2019-08-28 12:46:19.792678','3','Нижнее  меню соцсетей','[{"changed": {"fields": ["base_url"]}}]',11,1,2);
INSERT INTO django_admin_log VALUES(48,'2019-08-28 12:48:51.916494','3','Нижнее  меню соцсетей','[{"changed": {"name": "menu item", "object": "MenuItem object (8)", "fields": ["link_url"]}}, {"changed": {"name": "menu item", "object": "MenuItem object (9)", "fields": ["link_url"]}}, {"changed": {"name": "menu item", "object": "MenuItem object (10)", "fields": ["link_url"]}}]',11,1,2);
INSERT INTO django_admin_log VALUES(49,'2019-08-28 12:49:55.267912','3','Нижнее  меню соцсетей','',11,1,3);
INSERT INTO django_admin_log VALUES(50,'2019-08-28 12:50:01.041073','2','Нижнее  меню','',11,1,3);
INSERT INTO django_admin_log VALUES(51,'2019-08-28 20:35:22.369323','6','6730','[{"changed": {"fields": ["block_id"]}}]',9,1,2);
INSERT INTO django_admin_log VALUES(52,'2019-08-28 20:35:53.427856','3','10 лет','[{"changed": {"fields": ["tech_name"]}}]',9,1,2);
INSERT INTO django_admin_log VALUES(53,'2019-08-28 20:36:11.098159','4','3097 родов','[{"changed": {"fields": ["tech_name"]}}]',9,1,2);
INSERT INTO django_admin_log VALUES(54,'2019-08-28 20:36:24.352125','5','17 лет','[{"changed": {"fields": ["tech_name"]}}]',9,1,2);
INSERT INTO django_admin_log VALUES(55,'2019-08-28 20:36:43.433922','6','6730','[{"changed": {"fields": ["tech_name"]}}]',9,1,2);
INSERT INTO django_admin_log VALUES(56,'2019-08-28 20:36:52.144078','2','второй блок главной','[{"changed": {"fields": ["tech_name"]}}]',9,1,2);
INSERT INTO django_admin_log VALUES(57,'2019-08-28 20:37:04.730052','1','Подготовка  к родам от Марины  Аист','[{"changed": {"fields": ["tech_name"]}}]',9,1,2);
INSERT INTO django_admin_log VALUES(58,'2019-08-29 09:18:20.005891','1','Успешно родить','[{"added": {}}]',13,1,1);
INSERT INTO django_admin_log VALUES(59,'2019-08-29 10:08:17.276462','1','Успешно родить','[{"changed": {"fields": ["text"]}}]',13,1,2);
INSERT INTO django_admin_log VALUES(60,'2019-08-29 13:23:59.026524','1','Семинар «Готовимся к родам — рожаем хорошо»','[{"added": {}}]',14,1,1);
INSERT INTO django_admin_log VALUES(61,'2019-08-29 18:47:27.939539','7','Футер','[{"added": {}}]',9,1,1);
INSERT INTO django_admin_log VALUES(62,'2019-08-29 18:48:52.261250','8','левый блок','[{"added": {}}]',9,1,1);
INSERT INTO django_admin_log VALUES(63,'2019-08-29 18:49:51.014737','9','Видеокурсы футер','[{"added": {}}]',9,1,1);
INSERT INTO django_admin_log VALUES(64,'2019-08-29 18:50:27.583160','10','События футер','[{"added": {}}]',9,1,1);
INSERT INTO django_admin_log VALUES(65,'2019-08-29 18:50:56.974686','11','Соц Сети Футер','[{"added": {}}]',9,1,1);
INSERT INTO django_admin_log VALUES(66,'2019-08-29 19:02:28.434423','1','первый блок на главной','[{"changed": {"fields": ["text"]}}]',9,1,2);
INSERT INTO django_admin_log VALUES(67,'2019-08-29 19:03:03.500215','1','первый блок на главной','[{"changed": {"fields": ["text"]}}]',9,1,2);
INSERT INTO django_admin_log VALUES(68,'2019-08-29 19:03:30.796808','1','первый блок на главной','[{"changed": {"fields": ["text"]}}]',9,1,2);
INSERT INTO django_admin_log VALUES(69,'2019-08-29 19:04:21.483849','1','первый блок на главной','[{"changed": {"fields": ["text"]}}]',9,1,2);
INSERT INTO django_admin_log VALUES(70,'2019-08-29 19:05:11.344910','1','первый блок на главной','[{"changed": {"fields": ["text"]}}]',9,1,2);
INSERT INTO django_admin_log VALUES(71,'2019-09-02 11:53:06.761508','2','about','[{"added": {}}]',10,1,1);
INSERT INTO django_admin_log VALUES(72,'2019-09-03 07:56:14.794267','12','Об авторе','[{"added": {}}]',9,1,1);
CREATE TABLE IF NOT EXISTS "django_content_type" ("id" integer NOT NULL PRIMARY KEY AUTOINCREMENT, "app_label" varchar(100) NOT NULL, "model" varchar(100) NOT NULL);
INSERT INTO django_content_type VALUES(1,'admin','logentry');
INSERT INTO django_content_type VALUES(2,'auth','permission');
INSERT INTO django_content_type VALUES(3,'auth','group');
INSERT INTO django_content_type VALUES(4,'auth','user');
INSERT INTO django_content_type VALUES(5,'contenttypes','contenttype');
INSERT INTO django_content_type VALUES(6,'sessions','session');
INSERT INTO django_content_type VALUES(7,'aistsiteapp','menu_item');
INSERT INTO django_content_type VALUES(8,'aistsiteapp','menu');
INSERT INTO django_content_type VALUES(9,'aistsiteapp','blocks');
INSERT INTO django_content_type VALUES(10,'aistsiteapp','page');
INSERT INTO django_content_type VALUES(11,'menu','menu');
INSERT INTO django_content_type VALUES(12,'menu','menuitem');
INSERT INTO django_content_type VALUES(13,'aistsiteapp','videocourses');
INSERT INTO django_content_type VALUES(14,'aistsiteapp','events');
INSERT INTO django_content_type VALUES(15,'django_summernote','attachment');
CREATE TABLE IF NOT EXISTS "auth_permission" ("id" integer NOT NULL PRIMARY KEY AUTOINCREMENT, "content_type_id" integer NOT NULL REFERENCES "django_content_type" ("id") DEFERRABLE INITIALLY DEFERRED, "codename" varchar(100) NOT NULL, "name" varchar(255) NOT NULL);
INSERT INTO auth_permission VALUES(1,1,'add_logentry','Can add log entry');
INSERT INTO auth_permission VALUES(2,1,'change_logentry','Can change log entry');
INSERT INTO auth_permission VALUES(3,1,'delete_logentry','Can delete log entry');
INSERT INTO auth_permission VALUES(4,1,'view_logentry','Can view log entry');
INSERT INTO auth_permission VALUES(5,2,'add_permission','Can add permission');
INSERT INTO auth_permission VALUES(6,2,'change_permission','Can change permission');
INSERT INTO auth_permission VALUES(7,2,'delete_permission','Can delete permission');
INSERT INTO auth_permission VALUES(8,2,'view_permission','Can view permission');
INSERT INTO auth_permission VALUES(9,3,'add_group','Can add group');
INSERT INTO auth_permission VALUES(10,3,'change_group','Can change group');
INSERT INTO auth_permission VALUES(11,3,'delete_group','Can delete group');
INSERT INTO auth_permission VALUES(12,3,'view_group','Can view group');
INSERT INTO auth_permission VALUES(13,4,'add_user','Can add user');
INSERT INTO auth_permission VALUES(14,4,'change_user','Can change user');
INSERT INTO auth_permission VALUES(15,4,'delete_user','Can delete user');
INSERT INTO auth_permission VALUES(16,4,'view_user','Can view user');
INSERT INTO auth_permission VALUES(17,5,'add_contenttype','Can add content type');
INSERT INTO auth_permission VALUES(18,5,'change_contenttype','Can change content type');
INSERT INTO auth_permission VALUES(19,5,'delete_contenttype','Can delete content type');
INSERT INTO auth_permission VALUES(20,5,'view_contenttype','Can view content type');
INSERT INTO auth_permission VALUES(21,6,'add_session','Can add session');
INSERT INTO auth_permission VALUES(22,6,'change_session','Can change session');
INSERT INTO auth_permission VALUES(23,6,'delete_session','Can delete session');
INSERT INTO auth_permission VALUES(24,6,'view_session','Can view session');
INSERT INTO auth_permission VALUES(25,7,'add_menu_item','Can add Пункт Меню');
INSERT INTO auth_permission VALUES(26,7,'change_menu_item','Can change Пункт Меню');
INSERT INTO auth_permission VALUES(27,7,'delete_menu_item','Can delete Пункт Меню');
INSERT INTO auth_permission VALUES(28,7,'view_menu_item','Can view Пункт Меню');
INSERT INTO auth_permission VALUES(29,8,'add_menu','Can add Меню');
INSERT INTO auth_permission VALUES(30,8,'change_menu','Can change Меню');
INSERT INTO auth_permission VALUES(31,8,'delete_menu','Can delete Меню');
INSERT INTO auth_permission VALUES(32,8,'view_menu','Can view Меню');
INSERT INTO auth_permission VALUES(33,9,'add_blocks','Can add Блок');
INSERT INTO auth_permission VALUES(34,9,'change_blocks','Can change Блок');
INSERT INTO auth_permission VALUES(35,9,'delete_blocks','Can delete Блок');
INSERT INTO auth_permission VALUES(36,9,'view_blocks','Can view Блок');
INSERT INTO auth_permission VALUES(37,10,'add_page','Can add Страница');
INSERT INTO auth_permission VALUES(38,10,'change_page','Can change Страница');
INSERT INTO auth_permission VALUES(39,10,'delete_page','Can delete Страница');
INSERT INTO auth_permission VALUES(40,10,'view_page','Can view Страница');
INSERT INTO auth_permission VALUES(41,11,'add_menu','Can add menu');
INSERT INTO auth_permission VALUES(42,11,'change_menu','Can change menu');
INSERT INTO auth_permission VALUES(43,11,'delete_menu','Can delete menu');
INSERT INTO auth_permission VALUES(44,11,'view_menu','Can view menu');
INSERT INTO auth_permission VALUES(45,12,'add_menuitem','Can add menu item');
INSERT INTO auth_permission VALUES(46,12,'change_menuitem','Can change menu item');
INSERT INTO auth_permission VALUES(47,12,'delete_menuitem','Can delete menu item');
INSERT INTO auth_permission VALUES(48,12,'view_menuitem','Can view menu item');
INSERT INTO auth_permission VALUES(49,13,'add_videocourses','Can add Блок');
INSERT INTO auth_permission VALUES(50,13,'change_videocourses','Can change Блок');
INSERT INTO auth_permission VALUES(51,13,'delete_videocourses','Can delete Блок');
INSERT INTO auth_permission VALUES(52,13,'view_videocourses','Can view Блок');
INSERT INTO auth_permission VALUES(53,14,'add_events','Can add Видеокурс');
INSERT INTO auth_permission VALUES(54,14,'change_events','Can change Видеокурс');
INSERT INTO auth_permission VALUES(55,14,'delete_events','Can delete Видеокурс');
INSERT INTO auth_permission VALUES(56,14,'view_events','Can view Видеокурс');
INSERT INTO auth_permission VALUES(57,15,'add_attachment','Can add attachment');
INSERT INTO auth_permission VALUES(58,15,'change_attachment','Can change attachment');
INSERT INTO auth_permission VALUES(59,15,'delete_attachment','Can delete attachment');
INSERT INTO auth_permission VALUES(60,15,'view_attachment','Can view attachment');
CREATE TABLE IF NOT EXISTS "auth_user" ("id" integer NOT NULL PRIMARY KEY AUTOINCREMENT, "password" varchar(128) NOT NULL, "last_login" datetime NULL, "is_superuser" bool NOT NULL, "username" varchar(150) NOT NULL UNIQUE, "first_name" varchar(30) NOT NULL, "email" varchar(254) NOT NULL, "is_staff" bool NOT NULL, "is_active" bool NOT NULL, "date_joined" datetime NOT NULL, "last_name" varchar(150) NOT NULL);
INSERT INTO auth_user VALUES(1,'pbkdf2_sha256$150000$bumkLLNDQrH1$Hz8Sx8pi1YG9BI/GKAwv2hrMIXKd3/VC2nQ/0yxqOYA=','2019-09-03 07:55:31.889832',1,'kir','','kudinov_kirill@mail.ru',1,1,'2019-08-18 14:40:35.936845','');
CREATE TABLE IF NOT EXISTS "auth_group" ("id" integer NOT NULL PRIMARY KEY AUTOINCREMENT, "name" varchar(150) NOT NULL UNIQUE);
CREATE TABLE IF NOT EXISTS "django_session" ("session_key" varchar(40) NOT NULL PRIMARY KEY, "session_data" text NOT NULL, "expire_date" datetime NOT NULL);
INSERT INTO django_session VALUES('oqglf74s8actn97mr5zgl0ratj2uw4lk','ZWE3YzE5YTU5MDg0YTIyNWRhYzdmNjdjMThlNjliMGE1OGM5ZWI0Nzp7Il9hdXRoX3VzZXJfaWQiOiIxIiwiX2F1dGhfdXNlcl9iYWNrZW5kIjoiZGphbmdvLmNvbnRyaWIuYXV0aC5iYWNrZW5kcy5Nb2RlbEJhY2tlbmQiLCJfYXV0aF91c2VyX2hhc2giOiIwN2U3NmE1MGIzMjY2ODJiYzllYmFlYTlkNDVlZjYzZDMyZjYzOTc1In0=','2019-09-01 14:40:47.646656');
INSERT INTO django_session VALUES('1izi147nd1wbvfz2mcfv7hbhoc9gxlp3','ZWE3YzE5YTU5MDg0YTIyNWRhYzdmNjdjMThlNjliMGE1OGM5ZWI0Nzp7Il9hdXRoX3VzZXJfaWQiOiIxIiwiX2F1dGhfdXNlcl9iYWNrZW5kIjoiZGphbmdvLmNvbnRyaWIuYXV0aC5iYWNrZW5kcy5Nb2RlbEJhY2tlbmQiLCJfYXV0aF91c2VyX2hhc2giOiIwN2U3NmE1MGIzMjY2ODJiYzllYmFlYTlkNDVlZjYzZDMyZjYzOTc1In0=','2019-09-02 13:31:35.196833');
INSERT INTO django_session VALUES('4yiskfjf2p0qhm3s55fk8im5sg4hi099','ZWE3YzE5YTU5MDg0YTIyNWRhYzdmNjdjMThlNjliMGE1OGM5ZWI0Nzp7Il9hdXRoX3VzZXJfaWQiOiIxIiwiX2F1dGhfdXNlcl9iYWNrZW5kIjoiZGphbmdvLmNvbnRyaWIuYXV0aC5iYWNrZW5kcy5Nb2RlbEJhY2tlbmQiLCJfYXV0aF91c2VyX2hhc2giOiIwN2U3NmE1MGIzMjY2ODJiYzllYmFlYTlkNDVlZjYzZDMyZjYzOTc1In0=','2019-09-17 07:55:31.892731');
CREATE TABLE IF NOT EXISTS "menu_menu" ("id" integer NOT NULL PRIMARY KEY AUTOINCREMENT, "name" varchar(100) NOT NULL, "slug" varchar(50) NOT NULL, "base_url" varchar(100) NULL, "description" text NULL);
INSERT INTO menu_menu VALUES(1,'Верхнее Меню','top_menu',NULL,'');
CREATE TABLE IF NOT EXISTS "menu_menuitem" ("id" integer NOT NULL PRIMARY KEY AUTOINCREMENT, "order" integer NOT NULL, "link_url" varchar(100) NOT NULL, "title" varchar(100) NOT NULL, "anonymous_only" bool NOT NULL, "menu_id" integer NOT NULL REFERENCES "menu_menu" ("id") DEFERRABLE INITIALLY DEFERRED, "login_required" bool NOT NULL);
INSERT INTO menu_menuitem VALUES(1,10,'/video_courses','Видеокурсы',0,1,0);
INSERT INTO menu_menuitem VALUES(2,20,'/events','События',0,1,0);
INSERT INTO menu_menuitem VALUES(3,40,'/contacts','Контакты',0,1,0);
INSERT INTO menu_menuitem VALUES(4,30,'/about','Об авторе',0,1,0);
CREATE TABLE IF NOT EXISTS "aistsiteapp_videocourses" ("id" integer NOT NULL PRIMARY KEY AUTOINCREMENT, "name" varchar(255) NOT NULL, "text" text NOT NULL, "images" varchar(100) NOT NULL, "video" varchar(255) NULL, "slug" varchar(255) NULL);
INSERT INTO aistsiteapp_videocourses VALUES(1,'Успешно родить','<i><u>Текст</u></i>','',NULL,'uspeshno-rodit');
CREATE TABLE IF NOT EXISTS "aistsiteapp_page" ("id" integer NOT NULL PRIMARY KEY AUTOINCREMENT, "name" varchar(255) NOT NULL, "seo_title" varchar(255) NOT NULL, "seo_description" varchar(255) NOT NULL, "seo_keywords" varchar(255) NOT NULL, "published_date" datetime NOT NULL, "tech_title" varchar(255) NULL, "slug" varchar(255) NULL);
INSERT INTO aistsiteapp_page VALUES(1,'main','aist main page title','descr aist main page','keywords aist main page','2019-08-19 13:31:47.382669','main_page',NULL);
INSERT INTO aistsiteapp_page VALUES(2,'about','about','about','about','2019-09-02 11:53:06.760488','about','about');
CREATE TABLE IF NOT EXISTS "aistsiteapp_blocks" ("id" integer NOT NULL PRIMARY KEY AUTOINCREMENT, "name" varchar(255) NOT NULL, "text" text NOT NULL, "images" varchar(100) NOT NULL, "page_id_id" integer NULL REFERENCES "aistsiteapp_page" ("id") DEFERRABLE INITIALLY DEFERRED, "tech_name" varchar(255) NULL, "block_id_id" integer NULL REFERENCES "aistsiteapp_blocks" ("id") DEFERRABLE INITIALLY DEFERRED);
INSERT INTO aistsiteapp_blocks VALUES(1,'Подготовка  к родам от Марины  Аист','Подготовка <br/>к родам<br/>от Марины <br/>Аист','images/main_image.jpg',1,'первый блок на главной',NULL);
INSERT INTO aistsiteapp_blocks VALUES(2,'второй блок главной','','',1,'второй блок главной',NULL);
INSERT INTO aistsiteapp_blocks VALUES(3,'10 лет',replace(replace('стаж работы акушером\r\nи перинатальным психологом','\r',char(13)),'\n',char(10)),'',NULL,'годы на главной',2);
INSERT INTO aistsiteapp_blocks VALUES(4,'3097 родов','приняла за время работы в роддоме','',NULL,'кол-во родов на главной',2);
INSERT INTO aistsiteapp_blocks VALUES(5,'17 лет',replace(replace('работаю над методикой\r\nподготовки к родам, веду курсы и мастер-классы','\r',char(13)),'\n',char(10)),'',NULL,'стаж на главной',2);
INSERT INTO aistsiteapp_blocks VALUES(6,'6730','женщин родили по моей методике','',NULL,'кол-во клиентов на главной',2);
INSERT INTO aistsiteapp_blocks VALUES(7,'Футер','','',1,'Футер',NULL);
INSERT INTO aistsiteapp_blocks VALUES(8,'left_foter_block','<p>Марина Аист</p><p>© 2019, horoshierodi.ru<br></p><p>ИП Чемекова Екатерина Алексеевна</p><p>ОГРНИП 312121526200023</p><p>ИНН/КПП 120302030543</p><p>Договор Оферты</p><p>Политика конфиденциальности</p><p>Отказ от услуги</p><p>Партнерская программа</p><p>Техническая поддержка</p>','',NULL,'левый блок',7);
INSERT INTO aistsiteapp_blocks VALUES(9,'Видеокурсы','','',NULL,'Видеокурсы футер',7);
INSERT INTO aistsiteapp_blocks VALUES(10,'События','','',NULL,'События футер',7);
INSERT INTO aistsiteapp_blocks VALUES(11,'Соц Сети','<p>Вконтакте</p><p>Instagram</p><p>YouTube</p>','',NULL,'Соц Сети Футер',7);
INSERT INTO aistsiteapp_blocks VALUES(12,'Об авторе','<p>some text</p>','',2,'about_block',NULL);
CREATE TABLE IF NOT EXISTS "django_summernote_attachment" ("id" integer NOT NULL PRIMARY KEY AUTOINCREMENT, "file" varchar(100) NOT NULL, "uploaded" datetime NOT NULL, "name" varchar(255) NULL);
CREATE TABLE IF NOT EXISTS "aistsiteapp_events" ("id" integer NOT NULL PRIMARY KEY AUTOINCREMENT, "name" varchar(255) NOT NULL, "images" varchar(100) NOT NULL, "video" varchar(255) NULL, "slug" varchar(255) NULL, "start_date" datetime NOT NULL, "text" text NOT NULL);
INSERT INTO aistsiteapp_events VALUES(1,'Семинар «Готовимся к родам — рожаем хорошо»','',NULL,'test-event','2019-08-28 21:00:00','<p>Большой практический семинар построен с учетом запросов будущих мам и акушерской практики. Понятным, простым языком о сложном процессе родов с примерами и практикой.<br></p>');
DELETE FROM sqlite_sequence;
INSERT INTO sqlite_sequence VALUES('django_migrations',35);
INSERT INTO sqlite_sequence VALUES('django_admin_log',72);
INSERT INTO sqlite_sequence VALUES('django_content_type',15);
INSERT INTO sqlite_sequence VALUES('auth_permission',60);
INSERT INTO sqlite_sequence VALUES('auth_user',1);
INSERT INTO sqlite_sequence VALUES('auth_group',0);
INSERT INTO sqlite_sequence VALUES('menu_menu',3);
INSERT INTO sqlite_sequence VALUES('menu_menuitem',10);
INSERT INTO sqlite_sequence VALUES('aistsiteapp_page',2);
INSERT INTO sqlite_sequence VALUES('aistsiteapp_blocks',12);
INSERT INTO sqlite_sequence VALUES('django_summernote_attachment',0);
INSERT INTO sqlite_sequence VALUES('aistsiteapp_videocourses',1);
INSERT INTO sqlite_sequence VALUES('aistsiteapp_events',1);
CREATE UNIQUE INDEX "auth_group_permissions_group_id_permission_id_0cd325b0_uniq" ON "auth_group_permissions" ("group_id", "permission_id");
CREATE INDEX "auth_group_permissions_group_id_b120cbf9" ON "auth_group_permissions" ("group_id");
CREATE INDEX "auth_group_permissions_permission_id_84c5c92e" ON "auth_group_permissions" ("permission_id");
CREATE UNIQUE INDEX "auth_user_groups_user_id_group_id_94350c0c_uniq" ON "auth_user_groups" ("user_id", "group_id");
CREATE INDEX "auth_user_groups_user_id_6a12ed8b" ON "auth_user_groups" ("user_id");
CREATE INDEX "auth_user_groups_group_id_97559544" ON "auth_user_groups" ("group_id");
CREATE UNIQUE INDEX "auth_user_user_permissions_user_id_permission_id_14a6b632_uniq" ON "auth_user_user_permissions" ("user_id", "permission_id");
CREATE INDEX "auth_user_user_permissions_user_id_a95ead1b" ON "auth_user_user_permissions" ("user_id");
CREATE INDEX "auth_user_user_permissions_permission_id_1fbb5f2c" ON "auth_user_user_permissions" ("permission_id");
CREATE INDEX "django_admin_log_content_type_id_c4bce8eb" ON "django_admin_log" ("content_type_id");
CREATE INDEX "django_admin_log_user_id_c564eba6" ON "django_admin_log" ("user_id");
CREATE UNIQUE INDEX "django_content_type_app_label_model_76bd3d3b_uniq" ON "django_content_type" ("app_label", "model");
CREATE UNIQUE INDEX "auth_permission_content_type_id_codename_01ab375a_uniq" ON "auth_permission" ("content_type_id", "codename");
CREATE INDEX "auth_permission_content_type_id_2f476e4b" ON "auth_permission" ("content_type_id");
CREATE INDEX "django_session_expire_date_a5c62663" ON "django_session" ("expire_date");
CREATE INDEX "menu_menu_slug_98939c4e" ON "menu_menu" ("slug");
CREATE INDEX "menu_menuitem_menu_id_f466b139" ON "menu_menuitem" ("menu_id");
CREATE INDEX "aistsiteapp_blocks_page_id_id_466dd2f3" ON "aistsiteapp_blocks" ("page_id_id");
CREATE INDEX "aistsiteapp_blocks_block_id_id_5d7c5a46" ON "aistsiteapp_blocks" ("block_id_id");
COMMIT;
